Protein,Total lipid (fat),Cholesterol,Ingredient,Thiamin,Riboflavin,Niacin,Pantothenic acid,Biotin
11.32,5.8,1.67,tuna,,,,,
47.6,1.83,25.67,buffet,,,,,
0.0,0.0,0.0,iced coffee,,,,,
0.14,0.0,0.0,white wine,0.42,1.15,0.68,,
26.48,1.88,39.67,cocktail,1.75,1.92,11.29,,
3.76,4.54,0.67,chard,3.17,6.85,2.48,,
4.1,13.32,0.0,cobbler,8.75,5.08,6.78,,
34.16,25.95,17.0,trout,18.58,10.62,32.87,,
6.84,8.77,0.33,minnesota,,,,,
1.56,0.38,0.0,watermelon,,,,,
5.64,23.85,9.33,st. patrick's day,,,,,
21.8,1.2,0.0,onion,83.33,25.54,29.31,,
34.98,16.98,26.0,no meat,7.08,13.85,23.36,,
24.8,66.62,7.33,low sugar,16.67,36.92,14.12,,
0.0,0.0,,cardamom,,,,,
25.0,4.12,0.0,pittsburgh,83.33,41.23,44.62,,
1.36,0.18,0.0,chill,3.83,3.0,1.75,3.9,
0.0,0.0,0.0,green bean,,,,,
10.0,42.31,6.0,snack,,,,,
15.82,116.62,0.0,macadamia nut,100.0,12.46,15.44,15.16,
0.0,0.0,,utah,,,,,
3.14,4.69,0.67,leek,4.67,2.31,2.48,,
25.0,3.49,0.0,bulgur,,,,,
4.02,4.37,0.67,stir-fry,4.5,7.15,4.82,,
6.24,33.69,15.67,atlanta,,,,,
24.8,4.52,10.67,cod,,,,,
13.96,3.58,0.0,rye,,,,,
6.66,10.26,16.67,egg nog,,,,,
22.16,19.29,8.33,scallop,12.5,6.46,9.59,,
1.64,4.18,0.67,bitters,4.08,3.92,1.69,,
6.4,8.15,,noodle,,,,,
0.0,0.0,0.0,lemon juice,,,,,
16.22,11.29,7.67,leafy green,3.17,6.62,10.29,,
6.42,0.98,3.33,maryland,,,,,
35.76,1.14,32.33,crab,1.92,7.15,17.17,,
3.48,2.43,1.67,eau de vie,2.67,5.08,0.44,,
0.8,0.15,0.0,quince,1.67,2.31,1.25,1.62,
34.8,26.77,0.0,paleo,,,,,
1.0,0.2,0.0,cucumber,1.75,1.85,0.45,,
21.8,3.34,0.0,semolina,,,,,
0.08,0.0,0.0,fortified wine,0.25,1.08,0.62,,
23.6,12.15,8.33,clam,13.08,8.08,13.74,,
11.06,6.38,6.0,lasagna,,,,,
0.0,143.54,0.0,basil,,,,,
1.42,4.03,1.67,poultry,2.0,4.08,1.78,,
38.08,5.95,18.0,ham,35.5,14.69,37.84,,
1.66,0.22,0.0,juicer,,,,,
0.0,0.0,,chambord,,,,,
0.0,0.17,0.0,chartreuse,0.33,0.69,0.05,,
0.0,120.92,12.0,hollywood,,,,,
30.4,41.23,25.33,ground beef,,,,,
21.2,8.94,0.0,chile pepper,6.75,92.31,54.19,19.12,
1.0,0.0,0.0,non-alcoholic,0.0,0.77,0.62,,
1.96,34.31,0.0,pressure cooker,0.0,0.0,0.0,0.0,
20.6,58.31,5.67,walnut,,,,,
2.36,0.0,0.0,escarole,,,,,
1.16,0.45,0.0,blackberry,,,,,
3.92,23.69,0.0,california,6.25,11.0,11.94,29.2,
0.0,0.0,,portland,,,,,
10.16,5.6,26.67,custard,4.0,14.62,0.59,,
0.0,0.0,0.0,sage,,,,,
1.42,0.0,0.0,tropical fruit,,,,,
6.66,5.12,5.0,dairy,,,,,
2.36,0.0,0.0,butternut squash,,,,,
18.48,3.6,12.33,stew,5.08,7.08,18.11,,
35.2,24.46,0.0,anise,28.33,22.31,19.12,15.94,
51.2,47.91,38.67,fontina,1.75,15.69,0.94,,
0.0,0.0,0.0,oregano,,,,,
34.8,59.85,,nut,,,,,
15.8,1.65,0.0,oregon,2.5,5.38,26.19,26.0,
2.7,1.05,0.0,kiwi,,,,,
1.32,1.02,0.0,new jersey,,,,,
2.04,0.36,,bok choy,,,,,
14.1,11.68,6.33,casserole,10.75,16.38,5.1,,
42.6,10.43,19.0,beef rib,2.5,6.92,26.94,5.86,
28.4,35.38,22.0,oktoberfest,,,,,
79.8,46.15,35.67,brine,5.0,21.54,73.75,,
2.76,5.48,0.33,organic,4.92,7.38,4.19,,
1.0,0.35,0.0,asian pear,0.75,0.77,1.37,,
59.0,39.85,51.0,microwave,4.08,30.62,50.62,19.76,
2.5,0.31,0.0,endive,6.67,5.77,2.5,18.0,
28.8,46.15,26.0,30 days of groceries,3.67,11.62,21.12,7.9,
13.56,7.82,5.0,chili,,,,,
5.9,19.49,14.67,ice cream machine,4.5,18.46,2.6,,
6.2,69.54,0.0,sesame,0.0,0.0,0.0,,
5.66,1.91,4.67,san francisco,,,,,
1.6,0.0,0.0,hominy,,,,,
13.38,14.11,6.33,taco,12.5,8.15,9.38,4.1,
19.5,1.95,11.33,turkey,,,,,
36.46,8.82,13.67,broil,1.33,3.62,2.58,,
12.3,0.58,0.0,kansas city,,,,,
36.74,13.91,15.33,pork chop,37.33,12.54,36.11,,
0.14,0.0,0.0,martini,0.42,0.38,0.16,,
6.66,0.0,0.0,mezcal,,,,,
4.76,25.69,4.0,lancaster,,,,,
1.42,1.09,0.0,michigan,,,,,
0.0,0.0,0.0,tequila,0.5,0.31,0.08,,
0.0,0.0,0.0,scotch,0.5,0.31,0.08,,
38.4,24.92,17.0,kid-friendly,8.33,13.62,49.31,31.2,
14.28,24.77,12.0,ireland,,,,,
0.0,0.0,,emeril lagasse,,,,,
0.0,0.0,,massachusetts,,,,,
0.0,0.17,0.0,liqueur,0.33,0.69,0.05,,
7.54,18.92,9.33,houston,,,,,
1.6,0.0,0.0,corn,,,,,
0.0,0.0,0.0,mexico,,,,,
0.0,0.0,,blueberry,,,,,
28.6,49.38,23.67,calvados,,,,,
14.28,44.0,0.0,hummus,,,,,
0.0,15.38,0.0,amaretto,,,,,
0.0,1.35,0.0,stock,,,,,
13.0,8.75,8.0,backyard bbq,,,,,
42.8,27.54,18.0,blue cheese,,,,,
0.0,0.0,,tarragon,,,,,
32.44,23.26,19.33,pork rib,27.17,19.0,34.25,,
17.12,3.4,14.67,los angeles,3.67,7.92,7.52,,
0.0,0.0,,tangerine,,,,,
43.6,5.92,13.0,beef shank,8.33,16.92,35.88,7.0,
7.14,24.77,9.0,back to school,,,,,
0.0,0.0,0.0,graduation,0.58,1.0,0.38,4.4,
0.34,0.0,0.0,low carb,0.0,0.0,0.0,,
0.0,51.23,0.0,salad dressing,,,,,
0.0,0.0,,cranberry,,,,,
5.06,0.85,2.33,healthy,,,,,
0.0,0.0,,triple sec,,,,,
57.2,49.38,29.67,switzerland,,,,,
2.0,0.0,0.0,rutabaga,,,,,
0.0,153.54,33.33,goose,0.0,0.0,0.0,0.0,
13.34,0.0,0.0,egypt,,,,,
9.24,27.23,21.67,anniversary,,,,,
14.8,59.23,0.0,pastry,26.92,19.85,23.75,,
41.82,1.46,53.67,lobster,1.83,1.31,11.96,,
50.0,32.92,29.67,prosciutto,,,,,
30.6,4.45,10.67,grill,0.67,1.38,5.29,,
18.6,3.58,0.0,brown rice,,,,,
19.2,9.23,0.0,bran,38.58,23.85,27.92,,
8.02,13.88,0.0,tart,43.25,38.08,38.59,,
1.43,0.16,,bell pepper,3.26,6.83,3.98,,0.0
0.0,0.0,0.0,digestif,,,,,
22.2,42.77,0.0,dominican republic,,,,,
13.34,41.08,0.0,fall,,,,,
7.14,49.38,0.0,friendsgiving,,,,,
52.8,8.31,144.67,simmer,7.92,81.54,25.75,66.0,
50.0,21.6,28.67,quail,18.25,23.0,49.29,,
10.6,3.54,0.0,seed,24.17,13.08,33.12,16.32,
43.78,18.18,25.67,swordfish,13.58,7.85,55.08,,
13.64,0.0,0.0,sourdough,,,,,
0.0,0.0,0.0,fig,,,,,
0.0,0.0,0.0,celery,,,,,
0.96,0.66,,kosher,3.92,4.38,0.68,4.0,
0.0,17.08,,vermouth,,,,,
18.86,8.71,0.0,high fiber,,,,,
18.82,6.34,6.0,burrito,,,,,
1.0,0.0,0.0,sake,0.0,0.0,0.0,,
2.84,4.95,0.67,fennel,0.83,2.69,4.33,,
35.6,34.31,0.0,cumin,52.33,25.15,28.62,,
1.74,14.26,0.0,frozen dessert,1.08,2.46,0.48,,
0.0,0.0,0.0,herb,0.83,0.31,0.0,0.22,
0.72,0.2,0.0,duck,1.92,1.08,1.49,,
34.0,9.05,14.0,one-pot meal,,,,,
1.62,0.48,0.0,raw,4.83,2.77,2.35,,
9.3,13.75,33.67,flaming hot summer,6.58,13.31,3.19,,
1.76,18.15,2.67,family reunion,2.42,4.46,1.76,5.16,
3.8,66.66,13.33,avocado,1.67,3.85,0.88,,
8.02,13.88,0.0,breakfast,43.25,38.08,38.59,,
0.0,44.0,,feta,,,,,
44.4,1.14,23.67,flat bread,20.42,31.85,42.44,49.6,
0.6,0.0,0.0,honey,0.0,2.92,0.76,1.36,
0.0,0.0,,aperitif,,,,,
12.56,3.72,0.0,vegetarian,10.58,4.54,3.36,,
1.42,4.03,1.67,poultry sausage,2.0,4.08,1.78,,
0.0,0.0,,raspberry,,,,,
1.84,51.28,5.0,poppy,2.0,4.46,0.29,,
49.2,27.54,196.0,caviar,15.83,47.69,0.75,,
0.0,0.0,0.0,no sugar added,0.0,0.0,0.0,,
4.7,0.0,0.0,collard greens,,,,,
1.8,0.0,0.0,alcoholic,2.5,6.92,6.88,4.2,
3.48,2.43,1.67,cr��me de cacao,2.67,5.08,0.44,,
58.82,18.52,31.33,brisket,5.92,17.08,23.14,,
0.08,0.0,0.0,wine,0.25,1.08,0.62,,
21.4,27.54,0.0,nebraska,0.0,14.0,8.94,,
47.6,19.92,38.67,no-cook,23.25,26.85,47.3,,
0.0,0.0,0.0,sauce,,,,,
1.62,0.34,0.0,rhubarb,1.17,2.15,1.51,,
7.14,0.0,0.0,bread,,,,,
42.4,4.2,20.0,new york,11.42,7.77,33.06,,
3.66,0.29,0.0,green onion,4.58,6.15,3.28,,
0.0,87.85,0.0,marsala,,,,,
57.2,82.46,0.0,party,,,,,
3.06,0.23,0.0,root vegetable,0.83,2.31,1.88,6.42,
3.48,2.43,1.67,créme de cacao,2.67,5.08,0.44,,
2.6,1.63,0.0,lemongrass,,,,,
0.0,120.92,71.33,butter,,,,,
21.4,44.0,0.0,bourbon,,,,,
0.32,0.09,0.0,champagne,2.0,1.38,0.84,,
46.6,46.15,33.33,monterey jack,,,,,
60.6,23.38,1.0,long beach,14.67,33.62,7.94,39.8,
0.0,0.0,0.0,beverly hills,,,,,
41.2,2.26,12.67,snapper,,,,,
12.38,32.62,9.0,candy thermometer,,,,,
41.2,2.71,11.67,halibut,,,,,
0.0,10.26,5.67,passover,,,,,
27.4,10.57,0.0,quick and healthy,45.0,9.23,5.12,14.2,
0.0,0.0,0.0,condiment,,,,,
42.8,2.75,15.0,chicken,,,,,
30.6,4.45,10.67,grill,0.67,1.38,5.29,,
47.6,43.38,41.0,port,1.17,18.46,0.38,4.2,
0.0,0.0,,mississippi,,,,,
52.2,40.15,29.0,swiss cheese,,,,,
42.8,49.38,35.67,cuba,,,,,
8.88,7.43,0.0,christmas eve,136.67,142.31,135.62,7.4,
0.0,0.0,0.0,sherry,,,,,
14.74,20.46,0.0,cookies,,,,,
6.0,0.0,0.0,okra,,,,,
20.6,2.51,0.0,grains,26.33,19.31,26.69,29.2,
4.7,0.0,0.0,asparagus,,,,,
21.2,4.34,0.0,tortillas,,,,,
0.0,0.0,,tapioca,,,,,
42.4,6.34,25.33,pork,,,,,
0.0,153.85,0.0,deep-fry,0.0,0.0,0.0,0.0,
14.46,3.32,17.0,steam,1.58,8.31,6.95,,
1.32,1.02,0.0,north carolina,,,,,
0.0,0.0,0.0,bon appétit,,,,,
50.0,1.37,0.0,legume,,,,,
6.8,5.23,0.67,macaroni and cheese,,,,,
14.74,41.75,22.33,fritter,23.5,19.77,15.32,,
6.54,1.12,0.0,chive,6.5,8.85,4.04,,
54.1,7.09,236.67,kidney friendly,13.25,226.62,24.31,,
43.4,2.57,19.33,thanksgiving,,,,,
8.44,2.6,1.33,hot drink,13.17,13.77,10.55,,
0.0,0.0,,lingonberry,,,,,
21.34,6.97,0.0,wheat,34.25,19.38,34.94,,
43.4,26.77,,cookie,,,,,
0.0,0.0,0.0,steak,,,,,
,0.0,0.0,breadcrumbs,,,,,
26.6,61.54,0.0,kitchen olympics,,,,,
14.64,3.75,0.0,cornmeal,,,,,
2.2,0.77,0.0,cabbage,0.83,16.15,6.88,,
25.4,2.8,12.0,minneapolis,,,,,
0.0,0.0,,cilantro,,,,,
7.02,25.69,19.0,shower,,,,,
1.5,0.0,0.0,cantaloupe,,,,,
39.8,15.32,20.67,rack of lamb,5.17,13.23,31.37,11.68,
53.0,11.31,0.0,soy free,27.75,26.85,18.61,,
12.82,44.31,10.67,egg,,,,,
0.0,0.0,0.0,ginger,,,,,
30.12,4.37,11.67,mussel,14.33,19.46,12.02,,
17.4,66.92,0.0,peru,,,,,
23.0,6.8,7.33,cottage cheese,,,,,
0.0,0.0,0.0,sangria,,,,,
0.0,0.0,,costa mesa,,,,,
29.8,26.31,38.33,brunch,,,,,
7.92,5.32,,colorado,3.58,1.15,5.08,4.4,
8.88,47.85,9.67,waffle,,,,,
71.4,82.46,53.67,buffalo,,,,,
35.2,1.82,47.0,louisiana,,,,,
8.5,5.2,0.0,mustard,15.75,5.08,3.51,,
0.92,0.0,0.0,beer,0.42,1.92,3.21,,
9.6,23.05,0.0,eggplant,19.17,9.46,10.15,,
0.0,0.0,,mint,,,,,
10.64,34.31,3.67,hors d'oeuvre,,,,,
33.8,10.62,0.0,food processor,63.58,10.69,6.01,27.0,
5.0,0.15,0.0,shallot,5.0,1.54,1.25,5.8,
42.2,37.85,17.67,cheese,,,,,
5.0,10.58,8.33,diwali,,,,,
25.0,2.75,0.0,anthony bourdain,83.33,35.0,44.62,,
52.88,25.42,29.67,3-ingredient recipes,4.83,14.77,33.44,,
1.6,0.0,0.0,pumpkin,,,,,
0.0,0.48,0.0,sugar conscious,0.0,1.38,0.0,,
4.92,0.29,0.0,turnip,3.67,6.77,2.43,2.46,
30.8,2.95,0.0,spring,42.0,8.46,35.69,18.7,
1.2,0.31,0.0,guava,,,,,
0.58,0.11,0.0,tree nut,0.0,23.08,21.88,1.26,
0.14,0.0,0.0,red wine,0.42,2.38,1.4,,
0.0,0.0,,lime juice,,,,,
6.24,0.0,,australia,,,,,
0.0,0.17,0.0,kirsch,0.33,0.69,0.05,,
0.0,0.0,0.0,israel,,,,,
0.16,0.12,0.0,margarita,0.92,0.62,0.02,,
16.06,7.32,8.33,seafood,10.67,6.69,14.26,,
0.0,0.0,0.0,condiment,,,,,
7.14,71.38,0.0,cognac,,,,,
13.34,51.23,0.0,parade,,,,,
0.0,0.0,0.0,vodka,0.5,0.31,0.08,,
7.36,8.69,0.0,lentil,5.83,4.77,5.04,,
10.88,5.69,0.0,bean,7.5,7.69,2.69,,
37.6,5.49,15.0,tilapia,,,,,
8.0,12.31,,crêpe,,,,,
4.64,1.69,1.33,fruit,3.5,7.69,1.94,,
0.0,0.0,0.0,new mexico,,,,,
0.0,153.85,0.0,nutmeg,0.0,0.0,0.0,0.0,
0.0,0.0,,midori,,,,,
4.7,0.0,0.0,broccoli rabe,,,,,
4.56,45.52,0.0,plantain,5.42,3.08,5.01,,
5.5,10.2,1.33,smoothie,5.33,11.0,4.98,,
0.36,0.05,0.0,jam or jelly,0.75,2.92,0.38,,
0.0,0.0,0.0,slow cooker,,,,,
5.0,0.0,0.0,washington,,,,,
18.34,110.77,0.0,pecan,55.0,10.0,7.31,17.26,
21.34,8.32,11.67,gourmet,5.58,10.77,18.68,,
14.2,9.23,0.0,phyllo,45.08,26.23,25.44,6.04,
29.2,25.23,9.0,squid,,,,,
14.06,14.43,1.33,meatball,,,,,
57.2,82.46,0.0,engagement party,,,,,
27.4,10.57,0.0,quick & easy,45.0,9.23,5.12,14.2,
0.0,0.0,0.0,vinegar,0.0,0.0,0.0,,
0.0,0.37,0.0,freezer food,0.0,0.0,0.0,,
16.0,46.15,0.0,aspen,,,,,
19.2,14.55,13.33,ricotta,2.67,19.69,0.77,,
13.64,12.92,13.67,dinner,5.75,5.62,9.9,,
0.0,0.0,0.0,saffron,,,,,
2.36,0.0,0.0,louisville,,,,,
0.0,0.0,,new orleans,,,,,
6.84,8.77,0.33,illinois,,,,,
10.9,1.97,4.67,sweet potato,,,,,
0.0,0.0,,japan,,,,,
15.18,0.0,0.0,epi + ushg,,,,,
2.06,0.29,0.0,side,3.75,2.92,1.3,,
1.74,14.26,0.0,dairy free,1.08,2.46,0.48,,
12.02,23.15,14.67,dessert,2.67,15.31,0.76,,
0.6,29.54,8.0,low,0.0,0.77,0.0,,
28.6,44.0,0.0,granola,,,,,
14.5,10.55,0.0,lima bean,11.83,3.77,2.33,,
21.34,6.97,0.0,boston,34.25,19.38,34.94,,
0.0,0.0,,mardi gras,,,,,
0.0,0.0,,grape,,,,,
40.0,71.85,0.0,pistachio,0.0,,,,
23.6,0.0,37.33,shrimp,,,,,
60.28,12.83,28.33,rabbit,5.0,13.0,44.39,,
1.6,0.12,0.0,beet,0.83,3.69,1.57,,
16.0,2.57,2.33,bulgaria,,,,,
58.16,14.95,29.67,roast,6.08,19.85,36.19,,
0.0,0.0,,maple syrup,,,,,
1.32,0.25,0.0,melon,3.33,1.54,2.69,,
,10.26,0.0,oatmeal,,,,,
7.14,49.38,12.0,fourth of july,,,,,
7.06,0.0,0.0,spinach,,,,,
6.24,7.38,5.33,england,4.5,4.23,4.64,,
2.1,0.0,0.0,zucchini,,,,,
8.0,10.77,1.67,pasadena,,,,,
14.04,0.0,,dorie greenspan,,,,,
0.0,0.0,,parsley,,,,,
1.58,0.08,0.0,sorbet,0.5,0.69,0.51,,
28.6,0.0,0.0,whole wheat,,,,,
44.8,3.12,31.67,game,26.67,44.62,,,
0.0,51.23,0.0,marinade,,,,,
1.84,0.15,0.0,lettuce,5.5,4.92,2.02,,
24.8,27.38,0.0,coriander,19.92,22.31,13.31,,
6.16,16.62,12.67,ice cream,,,,,
0.0,0.0,,smoker,,,,,
22.8,3.66,131.0,tested & improved,26.25,16.46,10.88,17.44,
0.0,0.0,,pickles,,,,,
6.86,0.34,0.0,currant,13.33,10.92,10.09,,
35.74,12.25,26.33,sardine,22.5,17.92,31.43,,
5.88,67.85,0.0,chocolate,,,,,
1.36,0.15,0.0,radish,1.0,3.0,1.59,,
4.7,0.0,0.0,cauliflower,,,,,
40.46,38.58,30.0,venison,33.92,21.77,45.44,,
8.88,7.43,0.0,christmas,136.67,142.31,135.62,7.4,
0.0,12.4,0.0,dip,,,,,
0.0,35.85,0.0,butterscotch,,,,,
17.64,23.11,83.33,lime,8.08,20.54,0.82,,
24.6,1.23,13.67,alaska,2.5,3.08,12.5,,
5.88,20.31,17.0,camping,,,,,
7.0,24.92,30.67,vanilla,3.42,12.85,0.51,,
15.18,32.15,21.0,pernod,,,,,
1.8,0.23,0.0,cranberry sauce,1.25,1.62,0.62,,
6.8,3.48,24.33,winter,3.92,10.85,3.38,,
7.06,36.15,8.0,cake,,,,,
1.96,86.4,10.67,fry,0.83,4.31,2.24,,
34.4,39.85,23.0,jalapeño,,,,,
12.3,0.58,0.0,kansas,,,,,
39.2,8.25,20.67,paris,,,,,
2.36,0.0,,double boiler,,,,,
13.34,0.0,0.0,tennessee,,,,,
16.0,30.77,17.67,biscuit,,,,,
0.0,0.0,0.0,rosemary,,,,,
40.0,9.05,17.67,beef,,,,,
0.58,0.11,0.0,tree nut free,0.0,23.08,21.88,1.26,
0.0,0.0,0.0,cinnamon,,,,,
1.66,0.0,0.0,orange juice,0.0,,2.08,,
0.0,0.0,0.0,tailgating,,,,,
3.08,1.02,0.0,persimmon,4.67,4.38,1.49,,
12.08,18.62,6.67,st. louis,,,,,
1.32,0.51,0.0,connecticut,,,,,
26.48,1.88,39.67,house cocktail,1.75,1.92,11.29,,
0.0,0.0,0.0,gin,0.5,0.31,0.08,,
0.14,0.0,0.0,sparkling wine,0.33,1.08,0.66,,
11.52,1.42,0.0,pasta maker,22.67,10.38,10.49,,
14.2,17.85,9.67,sandwich,,,,,
4.56,0.95,0.0,dried fruit,5.42,6.69,6.29,,
0.08,0.0,0.0,spritzer,0.25,1.08,0.62,,
4.46,15.54,0.0,florida,1.75,4.08,4.2,18.62,
7.04,5.42,5.0,yogurt,,11.54,,,
0.0,0.0,0.0,whiskey,0.5,0.31,0.08,,
53.0,11.31,0.0,soy,27.75,26.85,18.61,,
0.0,0.0,,paprika,,,,,
20.4,6.52,0.0,raisin,0.0,22.15,21.19,,
50.0,49.38,32.0,goat cheese,,,,,
8.46,13.0,33.0,ramekin,,,,,
0.0,0.0,0.0,pomegranate,,,,,
9.74,2.05,3.0,nancy silverton,,,,,
48.8,7.52,129.67,braise,16.33,315.38,66.88,91.4,
0.0,5.49,0.0,salsa,,,,,
42.8,6.86,19.33,london,,,,,
20.0,24.46,31.33,quiche,,,,,
0.0,0.0,,tea,,,,,
5.0,0.0,0.0,papaya,,,,,
7.08,1.35,0.0,kale,0.0,9.23,6.62,,
11.76,16.31,13.67,iowa,,,,,
18.6,7.15,0.0,hamburger,83.33,30.38,29.06,,
13.56,6.42,0.0,blender,104.17,108.46,104.38,,
0.0,0.0,,grapefruit,,,,,
26.6,1.71,0.0,wild rice,,17.46,41.69,,
4.54,0.0,0.0,sugar snap pea,,,,,
0.0,0.0,,mixer,,,,,
5.78,0.52,0.0,artichoke,4.17,6.85,6.94,,
4.8,4.37,0.67,watercress,7.0,9.15,1.24,,
4.7,0.0,0.0,broccoli,,,,,
0.0,0.0,0.0,kosher for passover,,,,,
0.0,0.0,0.0,new hampshire,,,,,
39.2,2.75,23.67,cookbook critic,,,,,
5.6,0.31,0.0,edible gift,12.5,6.15,3.75,15.0,
7.14,16.46,0.0,purim,,,,,
13.34,0.0,,capers,,,,,
9.52,0.0,,orange,,,,,
50.0,49.38,35.67,kentucky derby,,,,,
15.42,9.23,5.67,ohio,,,,,
2.58,4.37,0.67,parsnip,6.67,3.85,4.38,,
8.7,26.77,7.33,hanukkah,,,,,
0.0,0.0,,curry,,,,,
13.34,92.31,0.0,germany,,,,,
35.8,49.38,35.67,brie,,,,,
30.92,10.26,46.67,shellfish,5.58,3.08,13.63,,
1.32,3.58,0.0,oat,1.92,0.62,0.35,,
18.18,42.0,5.0,peanut,,,,,
1.92,1.57,0.0,tomatillo,3.67,2.69,11.56,3.0,
0.14,0.0,,france,,,,,
2.36,1.06,0.0,horseradish,0.67,1.85,2.41,,
5.64,23.85,9.33,valentine's day,,,,,
0.0,0.0,,apple juice,,,,,
2.12,0.43,0.0,nectarine,2.83,2.08,7.0,,
0.96,0.66,,dill,3.92,4.38,0.68,4.0,
6.76,0.46,0.0,brussel sprout,11.58,6.92,4.66,,
42.8,38.46,29.67,chicago,,,,,
16.36,28.0,44.0,frittata,,,,,
50.0,49.38,29.67,cheddar,,,,,
22.94,37.75,0.0,sandwich theory,40.75,20.85,38.21,,
5.0,0.0,0.0,mango,,,,,
1.74,0.37,0.0,carrot,4.5,8.15,6.71,,
11.52,19.38,0.0,spice,10.92,10.54,14.0,,
14.28,32.92,12.0,bon app��tit,,,,,
0.0,1.0,0.0,apple,,,,,
4.46,16.77,0.0,wasabi,4.17,5.38,1.0,0.0,
0.0,0.0,0.0,spirit,,,66.88,,
1.32,0.0,0.0,south carolina,,,,,
37.6,19.08,23.33,denver,6.67,15.0,20.75,17.06,
28.22,21.71,0.0,pea,51.17,24.15,31.62,,
0.0,0.0,0.0,pineapple,,,,,
1.08,0.22,0.0,honeydew,3.17,0.92,2.61,,
0.0,0.0,0.0,guam,,,,,
35.64,13.14,18.33,veal,8.25,20.54,33.32,,
46.6,1.32,,cinco de mayo,,,,,
0.0,0.0,0.0,thyme,,,,,
7.72,9.72,0.67,georgia,,,,,
38.0,9.23,0.0,chickpea,,,,,
7.14,49.38,29.67,cream cheese,,,,,
30.4,12.23,15.33,salmon,,,,,
0.74,0.23,0.0,pear,1.0,2.0,1.01,,
35.8,3.43,18.0,pork tenderloin,,,,,
50.4,75.08,0.0,virginia,54.42,10.08,77.5,35.2,
14.28,19.23,0.0,poker,,,,,
0.0,143.54,,spain,,,,,
25.0,9.62,0.0,banana,,,,,
4.0,0.0,0.0,radicchio,,,,,
4.9,0.6,0.0,date,4.33,5.08,7.96,,
13.8,0.0,0.0,haiti,,,,,
31.34,19.85,16.67,lunch,7.67,15.69,37.41,,
7.14,13.74,12.0,brooklyn,,,,,
0.0,0.0,0.0,cambridge,,,,,
10.66,26.62,46.67,soufflé,,,,,
7.14,3.69,2.33,wedding,6.58,6.08,5.86,,
0.6,29.54,8.0,vegan,0.0,0.0,0.0,,
42.8,38.46,35.67,hot pepper,,,,,
0.0,115.38,27.67,mayonnaise,,,,,
27.0,33.86,0.0,boil,21.58,4.85,32.87,,
22.0,24.92,9.33,fish,10.17,8.92,9.62,5.44,
4.2,0.31,0.0,prune,3.33,,15.62,8.6,
7.14,54.92,0.0,coconut,,,,,
9.04,1.37,2.33,bake,2.58,1.08,1.81,,
27.38,105.18,0.0,pine nut,30.33,17.46,27.42,,
0.0,0.0,0.0,pepper,,,,,
41.34,81.11,0.0,almond,7.83,71.77,24.29,,
11.42,66.0,0.0,missouri,,,,,
22.0,44.77,21.33,oscars,4.17,8.46,15.12,5.6,
15.38,59.23,0.0,candy,,,,,
7.4,28.46,0.0,birthday,,,,,
6.66,0.0,0.0,strawberry,,,,,
11.42,61.54,0.0,poblano,,,,,
4.4,4.22,1.33,barley,6.67,4.62,12.44,,
3.76,1.32,0.0,kumquat,3.08,6.92,2.68,,
6.94,3.74,0.0,rice,,,,,
50.0,32.92,29.67,columbus,,,,,
0.0,0.15,0.0,molasses,3.42,0.15,5.81,,
50.0,49.23,5.0,low cholesterol,2.5,27.69,0.5,,
34.0,31.54,23.67,lamb,,,,,
0.0,0.0,0.0,pomegranate juice,,,,,
28.6,10.98,0.0,quinoa,,,,,
24.24,81.58,0.0,cashew,13.17,12.23,6.93,,
0.0,0.0,,low cal,,,42.25,42.2,
34.0,31.54,25.33,ground lamb,,,,,
4.0,0.02,0.0,jerusalem artichoke,16.67,4.62,8.12,7.94,
5.6,0.92,0.0,tamarind,35.67,11.69,12.11,,
1.66,0.68,0.0,lychee,0.92,5.0,3.77,,
7.06,0.0,0.0,mustard greens,,,,,
0.0,0.0,0.0,arizona,,,,,
20.68,47.74,5.67,peanut free,28.33,17.08,34.61,,
29.8,25.54,12.67,picnic,31.17,18.62,14.44,13.6,
1.52,0.52,0.0,berry,2.42,3.08,4.36,,
56.8,42.77,28.67,parmesan,2.17,27.54,0.5,9.0,
8.1,0.58,0.0,pancake,21.83,1.92,14.87,,
40.2,17.54,22.0,lamb shank,8.33,7.38,25.56,8.66,
0.84,0.0,0.0,miami,,,,,
0.0,0.0,0.0,d.c.,,,,,
2.86,17.54,2.33,potato salad,,,,,
13.74,39.68,0.67,snack week,15.5,17.62,14.35,,
4.6,0.31,0.0,vegetable,5.08,5.31,4.87,5.2,
8.34,44.92,20.67,seattle,,,,,
16.82,2.65,0.0,self,56.5,29.77,28.56,,
6.78,3.26,2.67,milk,,,,,
31.4,12.63,18666.67,skewer,,,,,
34.2,28.62,19.0,pennsylvania,,,,,
0.0,46.15,0.0,lemon,,,,,
2.08,0.15,0.0,low sodium,0.92,12.77,8.94,0.94,
6.92,1.66,1.67,buttermilk,4.0,15.08,0.8,,
0.0,0.0,0.0,drink,,,,,
6.66,20.46,0.0,entertaining,,,,,
7.72,9.72,0.67,oklahoma,,,,,
0.0,0.0,0.0,citrus,0.0,0.0,0.0,0.0,
0.0,59.54,,cook like a diner,1.0,0.0,0.0,,
0.0,0.0,0.0,fruit juice,,,,,
59.0,39.85,51.0,epi loves the microwave,4.08,30.62,50.62,19.76,
0.0,0.0,,garlic,,,,,
0.0,0.0,,apricot,,,,,
11.94,20.0,0.0,clove,13.17,16.92,9.75,10.18,
16.28,0.88,0.0,soy sauce,2.75,12.69,13.73,,
0.56,0.0,0.0,drinks,,,,,
21.0,43.23,16.0,las vegas,,,,,
0.24,0.03,0.0,coffee grinder,1.17,5.85,1.19,,
2.68,0.15,0.0,hawaii,8.5,1.46,3.01,8.66,
14.28,76.92,23.67,bacon,,,,,
42.08,12.48,31.0,super bowl,5.5,12.85,32.09,,
0.0,0.0,0.0,rum,0.5,0.31,0.08,,
0.0,0.0,0.0,brandy,0.5,0.31,0.08,,
24.8,15.32,137.0,poach,5.17,30.62,0.0,,
26.48,1.88,39.67,cocktail party,1.75,1.92,11.29,,
1.46,46.23,0.0,olive,0.67,0.15,0.56,,
21.8,6.45,0.0,house & garden,,,,,
7.78,17.42,24.67,potato,8.92,11.0,6.2,,
8.82,8.71,0.0,halloween,133.33,138.46,128.75,,
2.36,0.0,0.0,yuca,,,,,
0.0,153.85,0.0,wok,0.0,0.0,0.0,0.0,
50.0,49.38,35.67,gouda,,,,,
,0.0,0.0,dallas,,,,,
26.5,19.94,14.33,octopus,13.75,7.85,15.9,,
2.56,8.88,4.67,soup,,,,,
2.22,0.0,0.0,passion fruit,,,,,
6.28,13.09,0.0,stuffing,11.33,8.23,9.22,,
48.6,6.18,26.67,canada,23.67,116.92,41.0,,
21.4,0.0,0.0,italy,,,,,
5.88,0.0,0.0,marshmallow,,,,,
1.4,0.43,0.0,plum,2.33,2.0,2.61,,
0.0,0.0,,rub,,,,,
42.8,38.46,23.67,mozzarella,,,,,
1.76,9.52,0.0,mushroom,,,,,
4.06,0.0,0.0,idaho,,,,,
31.86,21.06,12.33,bass,18.0,12.31,14.02,,
6.66,12.82,,mortar and pestle,,,,,
15.68,26.46,10.0,chile,9.75,14.0,5.99,,
6.92,1.66,1.6,low fat,4.04,15.08,0.8,,0.0
44.42,79.02,0.0,peanut butter,12.5,14.77,81.95,,
13.6,13.6,1.0,pizza,,,,,
50.0,54.92,35.67,vermont,,,,,
5.0,0.0,0.0,philippines,,,,,
1.3,4.31,0.67,squash,3.08,1.62,4.9,,
4.76,36.62,35.67,coffee,,,,,
0.0,153.85,0.0,sesame oil,0.0,0.0,0.0,,
4.68,34.92,6.67,cupcake,,,,,
7.48,18.62,17.33,maine,,,,,
25.0,2.75,0.0,pasta,83.33,23.38,33.5,,
8.0,1.54,0.0,chestnut,,,,,
6.0,4.62,0.0,muffin,,,,,
7.72,9.72,0.67,alabama,,,,,
18.8,57.85,,jamaica,,,,,
40.8,0.38,20.33,pacific palisades,,,,,
0.0,0.0,0.0,santa monica,,,,,
28.4,24.46,16.33,meatloaf,,,,,
2.2,0.35,0.0,omelet,3.67,2.08,4.03,,
4.04,1.51,,texas,8.75,18.85,7.0,7.3,
0.0,0.0,0.0,easter,,,,,
2.04,0.0,0.0,yellow squash,,,,,
9.3,13.75,33.67,summer,6.58,13.31,3.19,,
4.94,1.89,1.0,rhode island,,,,,
26.6,0.0,0.0,couscous,,,,,
5.26,7.09,0.0,salad,,,,,
5.36,18.62,3.33,pie,,,,,
0.0,0.0,0.0,suzanne goin,,,,,
21.4,26.62,13.33,sausage,,,,,
5.4,16.62,0.0,brownie,,,,,
24.2,34.31,15.0,mother's day,45.83,13.08,19.5,9.4,
0.0,0.0,0.0,22-minute meals,0.17,0.23,0.06,,
18.84,17.82,10.0,pan-fry,31.42,17.69,21.64,,
9.9,16.54,3.33,oyster,12.33,8.69,11.48,,
14.64,48.77,4.0,hazelnut,,,,,
0.4,0.0,0.0,fat free,0.67,0.0,0.06,,
0.0,0.0,,iced tea,,,,,
54.72,25.03,32.33,lamb chop,8.67,20.23,43.25,,
0.0,0.0,0.0,caraway,,,,,
57.78,14.94,28.33,anchovy,6.5,27.92,124.39,,
25.0,2.75,0.0,orzo,83.33,23.38,33.5,,
8.0,30.77,0.0,cherry,,,,,
5.64,1.08,0.0,arugula,,,,,
35.8,17.85,19.33,meat,,,,,
50.4,75.08,0.0,west virginia,54.42,10.08,77.5,35.2,
17.84,23.65,7.33,pot pie,14.08,10.92,16.56,,
24.0,31.69,13.67,frangelico,,,,,
